--
-- Table structure for table `blacklist`
--
INSERT INTO SITLIB.BOOK_LIST ("bookCode","bookname","genre","publisher","borrowcheck","grade","writer","imageurl","isbn","priceSales","summary","reservecheck","buydate","class","seq") VALUES ('BS032','한글 만다라 2 - 자음학습 2','국내도서','루덴스','0',0,'루덴스.마시멜로','http://bimage.interpark.com/goods_image/0/2/9/7/218450297h.jpg',NULL,NULL,NULL,'0',NULL,NULL,3),('CS001',' SAS 데이터분석','data','21세기사','4',0,'김충련','http://image.yes24.com/goods/5947649/95x0',NULL,NULL,NULL,'0',NULL,NULL,4),('CS002',' R까기','데이터베이스','느린생각','0',6,'서진수','http://image.yes24.com/goods/13434081/95x0',NULL,NULL,NULL,'0',NULL,NULL,5),('CS005','Java의 정석','JAVA','도우출판','2',12,'남궁성','http://image.yes24.com/goods/3688909/95x0',NULL,NULL,NULL,'1',NULL,NULL,6),('CS006','JSP 2.2 웹 프로그래밍','JSP','가메출판사','0',0,'최범균','http://image.yes24.com/goods/8348263/95x0',NULL,NULL,NULL,'0',NULL,NULL,7),('CS007',' JSPStudy의JSP 웹프로그래밍','JSP','앤써북','0',0,'정동진,김준형,정영석','http://image.yes24.com/goods/12049776/95x0',NULL,NULL,NULL,'0',NULL,NULL,8),('CS008','뇌를 자극하는 JSP & Servlet ','JSP','한빛미디어','0',0,'김윤명','http://image.yes24.com/goods/4468035/95x0',NULL,NULL,NULL,'0',NULL,NULL,9),('CS009','유럽의 붓다, 니체','국내도서','열린책들','2',0,'야니스 콩스탕티니데스,다미앙 막도날드','http://bimage.interpark.com/goods_image/7/8/0/4/210437804h.jpg',NULL,NULL,NULL,'0',NULL,NULL,10),('CS010','한글로의 여행','국내도서','뜨인돌','2',0,'이바라기 노리코','http://bimage.interpark.com/goods_image/3/8/1/1/206623811h.jpg',NULL,NULL,NULL,'0',NULL,NULL,11),('k12349788952709042','아낌없이 주는 나무','국내도서','시공주니어','2',0,'쉘 실버스타인(Sheldon Alan Shel Silverstein)','http://bimage.interpark.com/goods_image/6/4/6/2/706462h.jpg','9788952709042',7000,'더 이상 설명이 필요 없는 쉘 실버스타인의 대표적인 작품 [아낌없이 주는 나무]. 누구나 알고 있듯이 진정한 사랑이 무엇인가를 일깨워 주는 나무의 아름다운 이야기다. 나무 한 그루는 매일같이 사랑하는 소년과 함께 할 수 있어 행복하다. 하지만 소년이 나이가 들어가면서, 나무는 홀로 있을 때가 많아진다. 그래도 나무는 가끔씩 찾아오는 소년에게, 소년이 필요로 하는 모든 것을 아낌없이 주며 행복해하는데...','0','2015-04-17',NULL,12),('k19788937483943','스티브 잡스','국내도서','민음사','4',0,'월터 아이작슨(Walter Isaacson)','http://bimage.interpark.com/goods_image/4/7/2/6/209034726h.jpg','9788937483943',25000,'스티브잡스가 인정한 유일한 공식 자서전 지난 10월 5일 스티브 잡스의 죽음으로 전세계가 술렁 거렸다. 그의 타계 소식과 함께 관련 서적들이 주목받고 있다. 그 중에서도. 스티브 잡스가 인정한 유일한  공식 전기가 출간 되었다.이 책의 저자 아이작슨은 2009년부터 2년간 잡스와 함께 어린 시절 집을 방문하거나 함께 산책을 하며 그를 40여 차례 인터뷰했고, 그의 친구, 가족, 동료뿐만 아니라 그에게 반감을 가진 인물이나 경쟁자까지 포함하여 100여 명의 인물들을 인터뷰하였다. 잡스를 둘러싼 모든 것이 집적된 이 전기에는 실리콘밸리에서 보낸 잡스의 어린 시절부터 애플의 창업 과정에 이르기까지 그의 전 생애가 담겨 있다.스티브잡스의 공식 전기를 통해 그의 성공을 배우고, 세계 IT 역사에 큰 ','0','2015-04-20',NULL,13),('k19788997162901','핫존 - 에볼라 바이러스 전쟁의 시작','국내도서','청어람미디어','4',0,'리처드 프레스턴(Richard Preston)','http://bimage.interpark.com/goods_image/2/5/4/3/237152543h.jpg','9788997162901',15000,'뉴욕타임스 베스트셀러 32주간 1위 기록전 세계를 공포에 빠트린 에볼라 바이러스에 관한 최고의 논픽션!','0','2015-04-20',NULL,14),('k39788957977613','NEXUS DELF B2','','넥서스','0',0,'김선미,김성희,한상철','http://bimage.interpark.com/goods_image/8/4/4/0/210178440h.jpg','9788957977613',20700,'프랑스어능력시험 DELF B2프랑스어 관련 진학, 유학, 취업에 필수 자격증자신 있게, 확실하게 대비하여, 단번에 합격하자~- 2005년부터 달라진 새로운 출제 경향을 반영- 영역별 주요 출제 포인트를 집중 분석- 다양한 테마를 다룬 연습문제- 관련 어휘와 표현을 제시하여 실전에 대비 DELF B2 대비용입니다.    ←--------------------→    DELF A1  ┃  DELF A2  ┃ DELF B1  ┃ DELF B2  -  수험자들이 가장 어려워 하는 ‘말하기’의 모델을 제시하고 연습문제를 강화하였습니다.-  다양한 문제와 해설 등을 자세히 실었습니다.-  최신 출제 경향을 철저히 분석 검토하여 출제하였습니다.-  실전 모의고사 2회분을 실었습니다.-  해설 및 정답을 별책으로 구성하여...','0','2015-04-22',NULL,21),('k39788960002975','NEXUS DELF A2','','넥서스','0',0,'김선미,한상철','http://bimage.interpark.com/goods_image/0/0/0/8/200960008s.jpg','9788960002975',22700,'','0','2015-04-22',NULL,20),('k49788962247503','대박패턴500으로 영어를 스토킹하라 1','','로그인','1',0,'백선엽','http://bimage.interpark.com/goods_image/6/7/8/0/203366780h.jpg','9788962247503',13320,'바쁘세요? 그럼 패턴부터 외우세요!500패턴과 2000문장 암기면 회화가 대박납니다!영어는 해야겠는데 시간은 없고 하루하루 영어에 스토킹당하는 대한민국 학습자들을 위해 EBS·로그인·백선엽이 뭉쳤다. 하나를 알면 열 이상을 말하게 해준다는 장점 때문에 가장 효율적인 방법으로 입소문난 ‘패턴’! 학습자들의 패턴에 대한 갈증을 풀어주고자 수개월에 걸친 조사작업 끝에 500개의 영어회화 필수패턴을 수집하여 1, 2권에 걸쳐 수록했다. 미국 드라마·영화에서 패턴과 예문을 발췌하고 원어민들의 감수를 거쳐 현지 원어민들이 자주 사용하는, 암기할 가치가 높은 패턴과 예문만을 담았다. ‘칭찬할 때 쓰는 패턴’, ‘변명할 때 쓰는 패턴’ 등과 같이 패턴을 100개 기능별로 5개씩 그룹지어서, 학습자들이 패턴을 쉽게 익히고 ...','0','2015-04-21',NULL,19),('kim919788986836448','알랭 드 보통 여행의 기술','국내도서','청미래','0',0,'알랭 드 보통(Alain de Botton)','http://bimage.interpark.com/goods_image/6/2/7/4/209396274h.jpg','9788986836448',14000,'세계적인 베스트셀러 저자, 알랭 드 보통이 전하는 여행 이야기여행을 떠나기 전에 반드시 읽어야 할 단 한 권의 여행서“일상성의 발명가” 알랭 드 보통은 독창적인 시각으로 사랑, 건축, 철학 그리고 종교 등 다양한 주제에 대한 글을 써왔다. 그런 그가 떠나는 여행의 모든 것이 이 책에 담겨 있다. 이번에도 그는 우리를 실망시키지 않는다. 그는 번뜩이는 지성과 무심한 듯한 매력으로 기대의 즐거움, 이국적인 것의 매혹, 바베이도스의 바다 풍경에서부터 히드로 공항의 비행기 이륙에 이르기까지 모든 것에서 찾아낼 수 있는 가치를 독자들에게 곰곰이 생각하게 한다. 이 책은 여행을 떠나려는 사람들에게 여행의 목적지뿐만 아니라 여행을 어떻게 가야 하고, 왜 가야 하는지를 알려준다.알랭 드 보통은 다양한 장소들 ?바베이도스,...','0','2015-04-21',NULL,16),('kim919788996991342','미움받을 용기','국내도서','인플루엔셜','1',0,'기시미 이치로,고가 후미타케','http://bimage.interpark.com/goods_image/2/8/3/6/226122836h.jpg','9788996991342',14900,'심리학 3대 거장 아들러의 진짜 내 인생을 살게 하는 용기의 심리학!우리는 모두 변화를 원한다. 지금보다 더 자유로운 삶, 지금보다 더 행복한 삶, 지금보다 더 성공적인 삶. 하지만 우리는 쉽게 핑계를 대고, 쉽게 포기한다. 철학자는 말한다. ','0','2015-04-21',NULL,15),('kim919788997969357','자기배려의 인문학','국내도서','북드라망','0',0,'강민혁','http://bimage.interpark.com/goods_image/2/3/1/2/220932312h.jpg','9788997969357',15000,'중년의 평범한 은행원이 인문학을 만나 변화된 자기 삶을, 그리스-로마철학 및 동양의 문학 등과 더불어 풀어낸 독특한 인문서. 저자는 프랑스의 철학자 미셸 푸코가 그리스-로마철학에서 발굴해낸 개념인 ‘자기배려’(“단 한번도 되어 본 적 없는 자기가 되는 실천”)를 키워드로, 소크라테스, 플라톤, 세네카, 루쉰, 소세키 등의 사유를 누비며, 이를 직장인이자 두 아이의 부모이고 중년 남성인 자신의 삶과 연결시켜 풀어낸다. 아이를 혼낸 일은 세네카의 철학과 어우러지고, 회사의 프로젝트 때문에 힘들었던 일은 플라톤과 만나며, 오랜만에 만난 친구의 이야기는 에피쿠로스의 우정을 불러오는 것이다. 인문학과 만난 후 술·담배를 끊고, 회식으로 보내던 시간에 친구들과 모여 책을 읽는 저자는 ‘철학이 자신의 삶을 바꾼다’는 걸...','0','2015-04-21',NULL,18);

INSERT INTO `REQUEST` (`ID`,`REQUESTDATE`,`BOOKCODE`,`BOOKNAME`,`WRITER`,`PUBLISHER`,`GENRE`,`LINK`,`IMAGEURL`,`ISBN`,`PRICESALES`,`QUANTITY`,`CLASS`,`SUMMARY`,`REQUESTCODE`) VALUES (NULL,'2015-04-10','null9791195326426','역경의 행운','최재석',NULL,'국내도서','http://book.interpark.com/blog/integration/product/itemDetail.rdo?prdNo=236973706&refererType=8303&bookblockname=bpmain_in&booklinkname=wg_search_B0F933E2847C6447203572CCC68F824A1054E7EF0D966C7B95245288CE95E300','http://bimage.interpark.com/goods_image/3/7/0/6/236973706h.jpg','9791195326426',20000,2,NULL,NULL,17),(NULL,'2015-04-10','null9788965400219','열혈강의 서블릿/JSP 웹 프로그래밍 with HTML+CSS+XML+자바스크립트','김승현',NULL,'국내도서','http://book.interpark.com/blog/integration/product/itemDetail.rdo?prdNo=210432385&refererType=8303&bookblockname=bpmain_in&booklinkname=wg_search_B0F933E2847C6447203572CCC68F824A1054E7EF0D966C7B95245288CE95E300','http://bimage.interpark.com/goods_image/2/3/8/5/210432385h.jpg','9788965400219',32000,2,NULL,NULL,18),(NULL,'2015-04-13','null9788989313694','[위즈덤하우스] 어린이 자기계발시리즈 전30권세트','',NULL,'','http://book.interpark.com/blog/integration/product/itemDetail.rdo?prdNo=222569674&refererType=8303&bookblockname=bpmain_in&booklinkname=wg_search_B0F933E2847C6447203572CCC68F824A1054E7EF0D966C7B95245288CE95E300','http://bimage.interpark.com/goods_image/9/6/7/4/222569674h.jpg','9788989313694',205000,1,NULL,NULL,19),(NULL,'2015-04-13','null9788960861565','어린이를 위한 배려','전지은',NULL,'국내도서','http://book.interpark.com/blog/integration/product/itemDetail.rdo?prdNo=11399128&refererType=8303&bookblockname=bpmain_in&booklinkname=wg_search_B0F933E2847C6447203572CCC68F824A1054E7EF0D966C7B95245288CE95E300','http://bimage.interpark.com/goods_image/9/1/2/8/11399128s.jpg','9788960861565',9000,1,NULL,NULL,20),(NULL,'2015-04-13','null9788965744023','정글만리 1','조정래',NULL,'국내도서','http://book.interpark.com/blog/integration/product/itemDetail.rdo?prdNo=212675918&refererType=8303&bookblockname=bpmain_in&booklinkname=wg_search_B0F933E2847C6447203572CCC68F824A1054E7EF0D966C7B95245288CE95E300','http://bimage.interpark.com/goods_image/5/9/1/8/212675918h.jpg','9788965744023',13500,1,NULL,NULL,21),('k1','2015-04-13','0','핫존 - 에볼라 바이러스 전쟁의 시작','리처드 프레스턴(Richard Preston)','청어람미디어','국내도서','http://book.interpark.com/blog/integration/product/itemDetail.rdo?prdNo=237152543&refererType=8303&bookblockname=bpmain_in&booklinkname=wg_search_B0F933E2847C6447203572CCC68F824A1054E7EF0D966C7B95245288CE95E300','http://bimage.interpark.com/goods_image/2/5/4/3/237152543h.jpg','9788997162901',15000,2,NULL,'뉴욕타임스 베스트셀러 32주간 1위 기록전 세계를 공포에 빠트린 에볼라 바이러스에 관한 최고의 논픽션!',22),('k1','2015-04-13','0','스티브 잡스','월터 아이작슨(Walter Isaacson)','민음사','국내도서','http://book.interpark.com/blog/integration/product/itemDetail.rdo?prdNo=209034726&refererType=8303&bookblockname=bpmain_in&booklinkname=wg_search_B0F933E2847C6447203572CCC68F824A1054E7EF0D966C7B95245288CE95E300','http://bimage.interpark.com/goods_image/4/7/2/6/209034726h.jpg','9788937483943',25000,1,NULL,'스티브잡스가 인정한 유일한 공식 자서전 지난 10월 5일 스티브 잡스의 죽음으로 전세계가 술렁 거렸다. 그의 타계 소식과 함께 관련 서적들이 주목받고 있다. 그 중에서도. 스티브 잡스가 인정한 유일한  공식 전기가 출간 되었다.이 책의 저자 아이작슨은 2009년부터 2년간 잡스와 함께 어린 시절 집을 방문하거나 함께 산책을 하며 그를 40여 차례 인터뷰했고, 그의 친구, 가족, 동료뿐만 아니라 그에게 반감을 가진 인물이나 경쟁자까지 포함하여 100여 명의 인물들을 인터뷰하였다. 잡스를 둘러싼 모든 것이 집적된 이 전기에는 실리콘밸리에서 보낸 잡스의 어린 시절부터 애플의 창업 과정에 이르기까지 그의 전 생애가 담겨 있다.스티브잡스의 공식 전기를 통해 그의 성공을 배우고, 세계 IT 역사에 큰 \'혁신의 아이콘\'...',23),('k1234','2015-04-17','0','아낌없이 주는 나무','쉘 실버스타인(Sheldon Alan Shel Silverstein)','시공주니어','국내도서','http://book.interpark.com/blog/integration/product/itemDetail.rdo?prdNo=706462&refererType=8303&bookblockname=bpmain_in&booklinkname=wg_search_B0F933E2847C6447203572CCC68F824A1054E7EF0D966C7B95245288CE95E300','http://bimage.interpark.com/goods_image/6/4/6/2/706462h.jpg','9788952709042',7000,1,NULL,'더 이상 설명이 필요 없는 쉘 실버스타인의 대표적인 작품 [아낌없이 주는 나무]. 누구나 알고 있듯이 진정한 사랑이 무엇인가를 일깨워 주는 나무의 아름다운 이야기다. 나무 한 그루는 매일같이 사랑하는 소년과 함께 할 수 있어 행복하다. 하지만 소년이 나이가 들어가면서, 나무는 홀로 있을 때가 많아진다. 그래도 나무는 가끔씩 찾아오는 소년에게, 소년이 필요로 하는 모든 것을 아낌없이 주며 행복해하는데...',24),('kim91','2015-04-21','0','알랭 드 보통 여행의 기술','알랭 드 보통(Alain de Botton)','청미래','국내도서','http://book.interpark.com/blog/integration/product/itemDetail.rdo?prdNo=209396274&refererType=8303&bookblockname=bpmain_in&booklinkname=wg_search_B0F933E2847C6447203572CCC68F824A1054E7EF0D966C7B95245288CE95E300','http://bimage.interpark.com/goods_image/6/2/7/4/209396274h.jpg','9788986836448',14000,1,NULL,'세계적인 베스트셀러 저자, 알랭 드 보통이 전하는 여행 이야기여행을 떠나기 전에 반드시 읽어야 할 단 한 권의 여행서“일상성의 발명가” 알랭 드 보통은 독창적인 시각으로 사랑, 건축, 철학 그리고 종교 등 다양한 주제에 대한 글을 써왔다. 그런 그가 떠나는 여행의 모든 것이 이 책에 담겨 있다. 이번에도 그는 우리를 실망시키지 않는다. 그는 번뜩이는 지성과 무심한 듯한 매력으로 기대의 즐거움, 이국적인 것의 매혹, 바베이도스의 바다 풍경에서부터 히드로 공항의 비행기 이륙에 이르기까지 모든 것에서 찾아낼 수 있는 가치를 독자들에게 곰곰이 생각하게 한다. 이 책은 여행을 떠나려는 사람들에게 여행의 목적지뿐만 아니라 여행을 어떻게 가야 하고, 왜 가야 하는지를 알려준다.알랭 드 보통은 다양한 장소들 ?바베이도스,...',25),('kim91','2015-04-21','0','미움받을 용기','기시미 이치로,고가 후미타케','인플루엔셜','국내도서','http://book.interpark.com/blog/integration/product/itemDetail.rdo?prdNo=226122836&refererType=8303&bookblockname=bpmain_in&booklinkname=wg_search_B0F933E2847C6447203572CCC68F824A1054E7EF0D966C7B95245288CE95E300','http://bimage.interpark.com/goods_image/2/8/3/6/226122836h.jpg','9788996991342',14900,1,NULL,'심리학 3대 거장 아들러의 진짜 내 인생을 살게 하는 용기의 심리학!우리는 모두 변화를 원한다. 지금보다 더 자유로운 삶, 지금보다 더 행복한 삶, 지금보다 더 성공적인 삶. 하지만 우리는 쉽게 핑계를 대고, 쉽게 포기한다. 철학자는 말한다. ',26),('kim91','2015-04-21','0','자기배려의 인문학','강민혁','북드라망','국내도서','http://book.interpark.com/blog/integration/product/itemDetail.rdo?prdNo=220932312&refererType=8303&bookblockname=bpmain_in&booklinkname=wg_search_B0F933E2847C6447203572CCC68F824A1054E7EF0D966C7B95245288CE95E300','http://bimage.interpark.com/goods_image/2/3/1/2/220932312h.jpg','9788997969357',15000,1,NULL,'중년의 평범한 은행원이 인문학을 만나 변화된 자기 삶을, 그리스-로마철학 및 동양의 문학 등과 더불어 풀어낸 독특한 인문서. 저자는 프랑스의 철학자 미셸 푸코가 그리스-로마철학에서 발굴해낸 개념인 ‘자기배려’(“단 한번도 되어 본 적 없는 자기가 되는 실천”)를 키워드로, 소크라테스, 플라톤, 세네카, 루쉰, 소세키 등의 사유를 누비며, 이를 직장인이자 두 아이의 부모이고 중년 남성인 자신의 삶과 연결시켜 풀어낸다. 아이를 혼낸 일은 세네카의 철학과 어우러지고, 회사의 프로젝트 때문에 힘들었던 일은 플라톤과 만나며, 오랜만에 만난 친구의 이야기는 에피쿠로스의 우정을 불러오는 것이다. 인문학과 만난 후 술·담배를 끊고, 회식으로 보내던 시간에 친구들과 모여 책을 읽는 저자는 ‘철학이 자신의 삶을 바꾼다’는 걸...',27),('k4','2015-04-21','0','대박패턴500으로 영어를 스토킹하라 1','백선엽','로그인','','http://book.interpark.com/blog/integration/product/itemDetail.rdo?prdNo=203366780&refererType=8303&bookblockname=bpmain_in&booklinkname=wg_search_B0F933E2847C6447203572CCC68F824A1054E7EF0D966C7B95245288CE95E300','http://bimage.interpark.com/goods_image/6/7/8/0/203366780h.jpg','9788962247503',13320,1,NULL,'바쁘세요? 그럼 패턴부터 외우세요!500패턴과 2000문장 암기면 회화가 대박납니다!영어는 해야겠는데 시간은 없고 하루하루 영어에 스토킹당하는 대한민국 학습자들을 위해 EBS·로그인·백선엽이 뭉쳤다. 하나를 알면 열 이상을 말하게 해준다는 장점 때문에 가장 효율적인 방법으로 입소문난 ‘패턴’! 학습자들의 패턴에 대한 갈증을 풀어주고자 수개월에 걸친 조사작업 끝에 500개의 영어회화 필수패턴을 수집하여 1, 2권에 걸쳐 수록했다. 미국 드라마·영화에서 패턴과 예문을 발췌하고 원어민들의 감수를 거쳐 현지 원어민들이 자주 사용하는, 암기할 가치가 높은 패턴과 예문만을 담았다. ‘칭찬할 때 쓰는 패턴’, ‘변명할 때 쓰는 패턴’ 등과 같이 패턴을 100개 기능별로 5개씩 그룹지어서, 학습자들이 패턴을 쉽게 익히고 ...',28),('k3','2015-04-22','0','NEXUS DELF A2','김선미,한상철','넥서스','','http://book.interpark.com/blog/integration/product/itemDetail.rdo?prdNo=200960008&refererType=8303&bookblockname=bpmain_in&booklinkname=wg_search_B0F933E2847C6447203572CCC68F824A1054E7EF0D966C7B95245288CE95E300','http://bimage.interpark.com/goods_image/0/0/0/8/200960008s.jpg','9788960002975',22700,1,NULL,'',29),('k3','2015-04-22','0','NEXUS DELF B2','김선미,김성희,한상철','넥서스','','http://book.interpark.com/blog/integration/product/itemDetail.rdo?prdNo=210178440&refererType=8303&bookblockname=bpmain_in&booklinkname=wg_search_B0F933E2847C6447203572CCC68F824A1054E7EF0D966C7B95245288CE95E300','http://bimage.interpark.com/goods_image/8/4/4/0/210178440h.jpg','9788957977613',20700,2,NULL,'프랑스어능력시험 DELF B2프랑스어 관련 진학, 유학, 취업에 필수 자격증자신 있게, 확실하게 대비하여, 단번에 합격하자~- 2005년부터 달라진 새로운 출제 경향을 반영- 영역별 주요 출제 포인트를 집중 분석- 다양한 테마를 다룬 연습문제- 관련 어휘와 표현을 제시하여 실전에 대비 DELF B2 대비용입니다.    ←--------------------→    DELF A1  ┃  DELF A2  ┃ DELF B1  ┃ DELF B2  -  수험자들이 가장 어려워 하는 ‘말하기’의 모델을 제시하고 연습문제를 강화하였습니다.-  다양한 문제와 해설 등을 자세히 실었습니다.-  최신 출제 경향을 철저히 분석 검토하여 출제하였습니다.-  실전 모의고사 2회분을 실었습니다.-  해설 및 정답을 별책으로 구성하여...',30);


/*!40101 SET @saved_cs_client     = @@character_set_client */;
/*!40101 SET character_set_client = utf8 */;
CREATE TABLE BOOK_BORROW (
  `bookCode` varchar(40) NOT NULL,
  `borrowdate` date DEFAULT NULL,
  `returndate` date DEFAULT NULL,
  `borrowcheck` varchar(4) DEFAULT NULL,
  `id` varchar(45) DEFAULT NULL,
) 
/*!40101 SET character_set_client = @saved_cs_client */;

--
-- Dumping data for table `borrow`
--

LOCK TABLES `borrow` WRITE;
/*!40000 ALTER TABLE `borrow` DISABLE KEYS */;
INSERT INTO `borrow` VALUES ('CS009','2015-04-10','2015-04-28','3','k1234'),('CS007','2015-04-14','2015-04-16','3','k1234'),('CS010','2015-04-15','2015-04-19','2','k1234'),('CS002','2015-04-16','2015-04-22','3','k2'),('CS008','2015-04-16','2015-05-06','3','k2'),('CS006','2015-04-16','2015-05-06','3','k3'),('BS021','2015-04-16','2015-04-20','3','k3'),('CS008','2015-04-17','2015-04-17','3','k1234'),('CS007','2015-04-17','2015-04-22','3','k1234'),('CS005','2015-04-22','2015-05-07','2','ksh901016'),('CS009','2015-04-20','2015-04-20','3','kim91'),('k12349788952709042','2015-04-22','2015-05-10','2','kim91'),('CS009','2015-04-21','2015-05-11','2','kk11'),('k19788937483943','2015-04-22','2015-04-22','3','kk11'),('k49788962247503','2015-04-23','2015-05-13','1','k3'),('kim919788996991342','2015-04-23','2015-05-13','1','k3');
/*!40000 ALTER TABLE `borrow` ENABLE KEYS */;
UNLOCK TABLES;
v
--
-- Table structure for table `bulletinboard`
--

DROP TABLE IF EXISTS `bulletinboard`;
/*!40101 SET @saved_cs_client     = @@character_set_client */;
/*!40101 SET character_set_client = utf8 */;
CREATE TABLE `bulletinboard` (
  `boardnum` int(11) NOT NULL AUTO_INCREMENT,
  `title` varchar(500) DEFAULT NULL,
  `content` varchar(1000) DEFAULT NULL,
  `registerdate` timestamp NULL DEFAULT NULL,
  `modifidate` timestamp NULL DEFAULT NULL,
  `id` varchar(45) DEFAULT NULL,
  PRIMARY KEY (`boardnum`),
  KEY `ID_idx` (`id`),
  CONSTRAINT `ID_board` FOREIGN KEY (`id`) REFERENCES `member` (`id`) ON DELETE NO ACTION ON UPDATE NO ACTION
) ENGINE=InnoDB AUTO_INCREMENT=27 DEFAULT CHARSET=utf8;
/*!40101 SET character_set_client = @saved_cs_client */;

--
-- Dumping data for table `bulletinboard`
--

LOCK TABLES `bulletinboard` WRITE;
/*!40000 ALTER TABLE `bulletinboard` DISABLE KEYS */;
INSERT INTO `bulletinboard` VALUES (1,'誘몄깮 ','','2014-11-22 15:00:00','2014-11-22 15:00:00','root'),(2,'?뀕?뀕?뀕?뀕?뀕','?뀕?뀕?뀕?뀕?뀕','2014-11-22 15:00:00','2015-04-23 01:48:58','root'),(3,'?뜲?씠?꽣諛곗씠?뒪 諛곗?','?꽣???븰?뿉?꽌 ?뜲?씠?꽣踰좎씠?뒪 怨쇰ぉ?쓣 媛?瑜댁튇 吏? 20?뿬 ?뀈?쓽 ?꽭?썡 ?룞?븞 ?쇅援??쓽 ?쑀紐낇븳 ?썝?꽌?뱾 ?삉?뒗 ?씠?뱾?쓽 踰덉뿭?꽌瑜? 援먯옱濡? ?꽑?깮?븯?뿬 媛뺤쓽瑜? ?빐?솕?떎. ?삉?븳 ??紐낇븳 ?썝?꽌 2?뙋怨? 3?뙋?쓣 ?뿬?윭 援먯닔?뱾怨? 怨듬룞?쑝濡? 吏곸젒 踰덉뿭?쓣 ?빐蹂닿린?룄 ?븯???떎. 洹몃윴?뜲 ?씠?윴 援먯옱?뱾?? ??媛? 700?럹?씠吏? ?씠?긽?쓽 遺꾨웾?씠?뼱?꽌 ?븳 ?븰湲? ?룞?븞 媛?瑜댁튂?뒗 寃껋씠 遺덇??뒫?뻽?떎. ','2014-12-07 15:00:00','2014-12-07 15:00:00','root'),(4,'7?뀈 ?썑?뿉','?썑?룆?옄?뱾?씠 醫뗭븘?븯?뒗 ?옉媛??쓽 ?떊?옉?뿉?꽌 湲곕??븯?뒗 ?궗?빆?? ?겕寃? ?몢 媛?吏?濡? ?븬異뺥븷 ?닔 ?엳?쓣 寃껋씠?떎. 洹? 泥? 踰덉㎏?뒗 ?빐?떦 ?옉媛??쓽 ?옉?뭹?뿉?꽌?쭔 蹂? ?닔 ?엳?뒗 留ㅻ젰, ?몢 踰덉㎏?뒗 ?븳怨녹뿉 怨좎젙?릺吏? ?븡怨? ?뒛 蹂??솕瑜? 紐⑥깋?븯?뒗 ?끂?젰?쓣 蹂닿퀬?옄 ?븷 寃껋씠?떎. ','2014-12-03 15:00:00','2014-12-03 15:00:00','root'),(5,'醫낆씠?뿬?옄','濡쒖뒪?븻?젮?젅?뒪?쓽 鍮덈?쇨? 留μ븘?뜑?뙆?겕?뿉?꽌 ?굹怨? ?옄?? ?넱 蹂댁씠?뱶?뒗 ?뼱由? ?떆?젅 寃れ? 媛뺣젹?븯怨? ?닚?깂移? ?븡?븯?뜕 寃쏀뿕?쓣 ?궡?젮 吏묓븘?븳 ?냼?꽕 ?딆쿇?궗 3遺??옉?뗭쑝濡? ?씪?빟 踰좎뒪?듃???윭 ?옉媛?媛? ?맂?떎. 洹몄뿉寃뚮뒗 ?뼱由? ?떆?젅遺??꽣 ?룉?룆?븳 ?슦?젙?쓣 ?굹?늿 移쒓뎄?뱾?씠 ?엳?떎. ?쁽?옱 LA寃쎌같濡? 洹쇰Т?븯?뒗 ?뿬寃? 罹먮·, ?넱?쓽 留ㅻ땲??濡? ?씪?븯?뒗 諛?濡쒓? 諛붾줈 洹몃뱾?씠?떎. 留μ븘?뜑?뙆?겕?뿉?꽌?쓽 ?뼱由? ?떆?젅 寃쏀뿕?쓣 怨듭쑀?븯怨? ?엳?뒗 洹몃뱾?? ?꽌濡? ?뼹?뼱?넃怨? ?깮媛곹븷 ?닔 ?뾾?쓣 留뚰겮 ?궗?씠媛? 媛곷퀎?븳 議댁옱?뱾?씠?떎. 二쎌쓬?쓽 ?쐞?뿕?씠 ?긽議댄븯?뒗 留덉쓣?뿉?꽌 ?삉?옒?쓽 移쒓뎄?뱾?? ??媛? 媛깅떒?뿉 媛??엯?븯嫄곕굹 留덉빟?뵜?윭媛? ?릺?뼱 ?븯猷⑥궡?씠 媛숈? 紐⑹닲?쓣 ?씠?뼱媛꾨떎. ?넱怨? ?몢 移쒓뎄?뒗 ?뜑 ?씠?긽 鍮꾧레?쟻?씤 ?깮?쓣 ?씠?뼱媛? ?닔 ?뾾?떎?뒗 寃곗뿰?븳 媛곸삤濡? 留덉쓣?쓣 ?뼚?굹?삱 ?닔 ?엳?뿀?떎. 媛깅떒?쓽 ?씪?썝?씠?뿀?뜕 諛?濡쒖뿉寃뚮뒗 紐⑹닲?쓣 嫄? ?깉二쇱??떎. ?씠?젣 ?뼱?뒓 ?젙?룄?쓽 ?꽦怨듦낵 ?븞?젙?맂 ?궣?쓣 李얠븯吏?留? ?뼱由? ?떆?젅?쓽 ?븫?슱?븯怨? ?걫李랁븳 湲곗뼲?? 洹몃뱾?뿉寃? ?삤?옖 ?꽭?썡 ?룞?븞 吏??슱 ?닔 ?뾾?뒗 ?긽泥섎줈 ?궓?뒗?떎. ','2014-12-02 15:00:00','2014-12-02 15:00:00','root'),(6,'援ы빐以?','?븘?궡瑜? ?엪?? ?썑 醫뚯젅媛먯뿉 ?쑊?떥?뿬 ?궡?븘媛??뒗 ?젇?? ?쓽?궗 ?깦 媛ㅻ윭?썾?씠?? ?뿬諛곗슦?쓽 轅덉쓣 ?븞怨? ?돱?슃?뿉 ?삩 以꾨━?뿉?듃 蹂대そ. 釉뚮줈?뱶?썾?씠 臾대??뿉 ?꽌寃좊떎?뒗 ?씪?뀗?쑝濡? ?돱?슃?뿉 ?삤吏?留? ?깮?솢鍮꾨?? 踰뚭린?뿉?룄 踰낆갔 ?깮?솢?뿉 ?뿼利앹쓣 ?뒓?? 以꾨━?뿉?듃 蹂대そ?? ?봽?옉?뒪濡? ?룎?븘媛? 寃곗떖?쓣 援논엺?떎. 臾대?蹂대떎?뒗 移댄럹 ?썾?씠?듃由ъ뒪媛? 吏곸뾽?씠 ?릺?떎?떆?뵾 ?븳 以꾨━?뿉?듃?뿉寃? ?돱?슃?? ?뙣諛곗? 臾대젰媛먯쓣 ?씪源⑥썙以? ?깋?샊?븳 ?룄?떆?씪 肉먯씠?뿀?떎.?뀕?뀕?뀕?뀕?뀕?뀕','2014-11-29 15:00:00','2015-04-23 01:48:50','root'),(17,'?뿴?삁 C ?봽濡쒓렇?옒諛?','?옄猷뚭뎄議? ?븰?뒿?쓽 ?삱諛붾Ⅸ 諛⑸쾿怨? 紐⑺몴瑜? 留먰븯怨좎옄 ?빀?땲?떎! ?옄猷뚭뎄議곕뒗 ?뼱?졄?떎怨? ?븣?젮?졇 ?엳?뒿?땲?떎.?븯吏?留? 臾몄젣?뒗 ?뼱?졄?떎?뒗?뜲 ?엳?뒗 寃껋씠 ?븘?떃?땲?떎.?뼱?젮?썙?룄 ?걹源뚯? 怨듬??븷 ?닔 ?엳?떎硫? 臾몄젣媛? ?릺吏? ?븡?뒿?땲?떎.臾몄젣?뒗 ?걹源뚯? 怨듬??븯吏? 紐삵븯?뒗?뜲 ?엳?뒿?땲?떎.?꽕紐낆씠 ?씠移섏뿉 留욊퀬 ?븰?뒿?쓽 諛⑸쾿?씠 ?삱諛붾Ⅴ?떎硫?,?궡?슜?씠 ?뼱?젮?썙?룄 ?걹源뚯? 怨듬??븷 ?닔 ?엳?뒿?땲?떎.洹몃옒?꽌 ???옄?뒗 留먰빀?땲?떎.?옄猷뚭뎄議곕?? ?옒 ?븘?뒗 ?궗?엺?뿉寃? 諛곗썙?빞 ?븷 寃껋? ?옄猷뚭뎄議곗쓽 ?븰?뒿諛⑸쾿?씠?떎!洹몃━怨? ???옄?뒗 蹂몄꽌瑜? ?넻?빐?꽌 ?옄猷뚭뎄議곕?? ?뼱?뼚?븳 諛⑸쾿?쑝濡? ?뼱?뼚?븳 ?닔以?源뚯? 怨듬??빐?빞 ?븯?뒗吏?瑜? ?꽑諛곗쓽 ?엯?옣?뿉?꽌 ?씠?빞湲고빀?땲?떎.','2014-12-03 05:42:46','2014-12-03 05:42:46','root'),(22,'?옄諛?','dd','2014-12-08 10:01:17','2014-12-08 10:01:17','k1'),(23,'醫뗭뒿?땲?떎','醫뗣뀉釉뚮땲?떎','2015-03-25 07:47:35','2015-03-25 07:47:35','k1'),(24,'愿댄뀒媛? ?씫?뼱二쇰뒗 ?씤?깮','以묒궛痢듭쓽 議곌굔?씠 援먯뼇怨? ?옄?떊留뚯쓽 二쇨??씠 ?엳?뼱?빞 ?븳?떎?뒗 議곌굔?씠 ?엳?떎. 愿댄뀒?뒗 洹? 援먯뼇?엳?뒗 ?궗?엺?뱾?씠 ?뵲瑜쇰쭔?겮 ?궣?뿉 ?엳?뼱?꽌 ?넻李곕젰?씠 ?엳怨?, ?떆??瑜? ?씠?걣?뼱媛붾떎. 吏?湲? ?옄蹂몄＜?쓽?떆???뿉?룄 泥좏븰怨? 臾명븰, ?넻李곕젰?씠 ?엳?뒗 ?궗?엺?뱾?씠 ?떆??瑜? 二쇰룄?븯怨? ?궗?엺?뱾?쓣 ?뵲瑜닿쾶 留뚮뱺?떎. ?씠 梨낆? ?궣?쓣 二쇰룄?쟻?쑝濡? ?궡?븘媛??룄濡? ?븳?떎.','2015-03-31 00:33:31','2015-03-31 00:33:31','k1'),(25,'?븯?씠','?븯?씠','2015-04-02 06:27:48','2015-04-02 06:27:48','k1234'),(26,'?븞?뀞?븯?떗?땲源?','諛섍컩?뒿?땲?떎','2015-04-03 01:48:28','2015-04-03 01:48:28','seohan1');
/*!40000 ALTER TABLE `bulletinboard` ENABLE KEYS */;
UNLOCK TABLES;

--
-- Table structure for table `member`
--

DROP TABLE IF EXISTS `member`;
/*!40101 SET @saved_cs_client     = @@character_set_client */;
/*!40101 SET character_set_client = utf8 */;
CREATE TABLE `member` (
  `id` varchar(45) NOT NULL,
  `pass` varchar(20) NOT NULL,
  `name` varchar(45) NOT NULL,
  `email` varchar(45) DEFAULT NULL,
  `address` varchar(45) DEFAULT NULL,
  `cell` varchar(45) NOT NULL,
  `home` varchar(45) DEFAULT NULL,
  `score` int(11) DEFAULT '0',
  `permission` varchar(10) NOT NULL DEFAULT '0',
  `team` varchar(45) DEFAULT NULL,
  PRIMARY KEY (`id`)
) ENGINE=InnoDB DEFAULT CHARSET=utf8;
/*!40101 SET character_set_client = @saved_cs_client */;

--
-- Dumping data for table `member`
--

LOCK TABLES `member` WRITE;
/*!40000 ALTER TABLE `member` DISABLE KEYS */;
INSERT INTO `member` VALUES ('k1','1234','誘쇱긽?썕','hihi@naver.com','?씤泥쒖떆 ?꽌援?','01067766160','0325646160',2,'1','寃쎈━'),('k1234','1234','123','tnvjakffkr@hotmail.com','','01067766160','0325646160',0,'0','?쉶怨?'),('k2','1234','?씠鍮?','k2@naver.com','?씤泥쒖떆?궓援?','011','032',0,'0','踰뺣Т'),('k3','1234','源?移?','k3@naver.com','?씤泥쒖떆遺??룊援?','010','032',0,'0','?깮?궛'),('k4','1234','?솉湲몃룞','k4@naver.com','?씤泥쒖떆?궓援?','010','032',0,'0','湲고쉷'),('k5','1234','?븯?븯','k5@naver.com','?씤泥쒖떆?궓?룞援?','010','032',0,'0','?뭹吏?'),('kim91','1234','源??긽?쁽','kkk91@daum.net','?썝?씤?옱?뿭','018','034',3,'0','?쁺?뾽'),('kk11','1234','源〓깋','k22@daum.net','?씤泥쒓킅?뿭?떆?궓?룞援?','042','032',0,'0','?쟾?궛'),('ksh901016','1234','媛뺤꽦?쁽','','?씤泥? ?궓援? 媛꾩꽍?룞','29291','382838',5,'0','?쟾?궛'),('lee','1234','?씠李쎌떊','lcs@naer.com','?씤泥쒖떆遺??룊援?','010','032',4,'0','援щℓ'),('root','1','root','root@root.com','?븯?뒛','010','032',0,'1','?꽕怨?'),('seohan1','1234','?꽌?븳','誘쇱긽?썕','?꽌?슱','','',0,'0','?떆?뿕');
/*!40000 ALTER TABLE `member` ENABLE KEYS */;
UNLOCK TABLES;

--
-- Table structure for table `notice`
--

DROP TABLE IF EXISTS `notice`;
/*!40101 SET @saved_cs_client     = @@character_set_client */;
/*!40101 SET character_set_client = utf8 */;
CREATE TABLE `notice` (
  `boardnum` int(20) NOT NULL AUTO_INCREMENT,
  `content` text,
  `registerdate` date DEFAULT NULL,
  `important` int(11) DEFAULT '0',
  PRIMARY KEY (`boardnum`)
) ENGINE=InnoDB AUTO_INCREMENT=21 DEFAULT CHARSET=utf8;
/*!40101 SET character_set_client = @saved_cs_client */;

--
-- Dumping data for table `notice`
--

LOCK TABLES `notice` WRITE;
/*!40000 ALTER TABLE `notice` DISABLE KEYS */;
INSERT INTO `notice` VALUES (17,'?뀋 ?씠?슜?떆媛? : ?룊?씪 8?떆 ~ 17?떆 \r\n?뀋 1?씤 1?쉶?떦 理쒕? 5沅? ???뿬 媛??뒫\r\n?뀋 ?떒湲곕??뿬: 2二? , ?옣湲곕??뿬: 1媛쒖썡\r\n?뀋 ?룄?꽌 援ъ엯 ?떊泥? 媛??뒫 (?떒, 10留뚯썝 ?씠?긽 ?룄?꽌?뒗 ?냼?냽???옣 寃곗옱 ?븘?슂)','2015-04-22',0),(18,'?뀋 媛쒖젙?맂 梨? ?씪 寃쎌슦, 媛쒖젙?뙋 留덈떎 ISBN?씠 ?떎瑜? ?닔 ?엳?쓬\r\n    - ?씤?꽣?뙆?겕?뿉?꽌 ISBN ?솗?씤 ?썑 援ъ엯 ?떊泥?\r\n\r\n?뀋 ISBN?씠 ?뾾嫄곕굹 ?씤?꽣?뙆?겕?뿉 ?썝?븯?뒗 ?룄?꽌媛? ?뾾?쓣 寃쎌슦\r\n    - ?꽑?뻾湲고쉷?? 源??꽭由? ?궗?썝, 諛뺤셿?꽍 ?뿰援ъ썝?뿉寃? 臾몄쓽 (4326, 4325)','2015-04-16',0),(19,'?뀒?뒪?듃 ?엯?땲?떎. ?떆媛꾩껜?겕','2015-04-16',0),(20,'?뀋 媛쒖젙?맂 梨? ?씪 寃쎌슦, 媛쒖젙?뙋 留덈떎 ISBN?씠 ?떎瑜? ?닔 ?엳?쓬\r\n    - ?씤?꽣?뙆?겕?뿉?꽌 ISBN ?솗?씤 ?썑 援ъ엯 ?떊泥?\r\n\r\n?뀋 ISBN?씠 ?뾾嫄곕굹 ?씤?꽣?뙆?겕?뿉 ?썝?븯?뒗 ?룄?꽌媛? ?뾾?쓣 寃쎌슦\r\n    - ?꽑?뻾湲고쉷?? 源??꽭由? ?궗?썝, 諛뺤셿?꽍 ?뿰援ъ썝?뿉寃? 臾몄쓽 (4326, 4325)','2015-04-22',0);
/*!40000 ALTER TABLE `notice` ENABLE KEYS */;
UNLOCK TABLES;

--
-- Table structure for table `recommended`
--

DROP TABLE IF EXISTS `recommended`;
/*!40101 SET @saved_cs_client     = @@character_set_client */;
/*!40101 SET character_set_client = utf8 */;
CREATE TABLE `recommended` (
  `recommnum` int(11) NOT NULL,
  `booknum` varchar(40) DEFAULT NULL,
  `boardnum` int(11) DEFAULT NULL,
  PRIMARY KEY (`recommnum`),
  KEY `booknum_idx` (`booknum`),
  KEY `boardnum_idx` (`boardnum`),
  CONSTRAINT `boardnum` FOREIGN KEY (`boardnum`) REFERENCES `bulletinboard` (`boardnum`) ON DELETE NO ACTION ON UPDATE NO ACTION,
  CONSTRAINT `booknum` FOREIGN KEY (`booknum`) REFERENCES `book` (`bookCode`) ON DELETE NO ACTION ON UPDATE NO ACTION
) ENGINE=InnoDB DEFAULT CHARSET=utf8;
/*!40101 SET character_set_client = @saved_cs_client */;

--
-- Dumping data for table `recommended`
--

LOCK TABLES `recommended` WRITE;
/*!40000 ALTER TABLE `recommended` DISABLE KEYS */;
/*!40000 ALTER TABLE `recommended` ENABLE KEYS */;
UNLOCK TABLES;

--
-- Table structure for table `request`
--

DROP TABLE IF EXISTS `request`;
/*!40101 SET @saved_cs_client     = @@character_set_client */;
/*!40101 SET character_set_client = utf8 */;
CREATE TABLE `request` (
  `id` varchar(45) DEFAULT NULL,
  `requestdate` date DEFAULT NULL,
  `bookCode` varchar(45) NOT NULL,
  `bookname` varchar(45) DEFAULT NULL,
  `writer` varchar(45) DEFAULT NULL,
  `publisher` varchar(45) DEFAULT NULL,
  `genre` varchar(45) DEFAULT NULL,
  `link` varchar(300) DEFAULT NULL,
  `imageurl` varchar(300) DEFAULT NULL,
  `isbn` char(14) DEFAULT NULL,
  `priceSales` int(10) DEFAULT NULL,
  `quantity` int(10) DEFAULT NULL,
  `class` varchar(45) DEFAULT NULL,
  `summary` varchar(1000) DEFAULT NULL,
  `requestCode` int(11) NOT NULL AUTO_INCREMENT,
  PRIMARY KEY (`requestCode`),
  KEY `ID_res_idx` (`id`),
  CONSTRAINT `ID(FK)` FOREIGN KEY (`id`) REFERENCES `member` (`id`) ON DELETE NO ACTION ON UPDATE NO ACTION
) ENGINE=InnoDB AUTO_INCREMENT=31 DEFAULT CHARSET=utf8;
/*!40101 SET character_set_client = @saved_cs_client */;

--
-- Dumping data for table `request`
--

LOCK TABLES `request` WRITE;
/*!40000 ALTER TABLE `request` DISABLE KEYS */;
INSERT INTO `request` VALUES (NULL,'2015-04-10','null9791195326426','?뿭寃쎌쓽 ?뻾?슫','理쒖옱?꽍',NULL,'援??궡?룄?꽌','http://book.interpark.com/blog/integration/product/itemDetail.rdo?prdNo=236973706&refererType=8303&bookblockname=bpmain_in&booklinkname=wg_search_B0F933E2847C6447203572CCC68F824A1054E7EF0D966C7B95245288CE95E300','http://bimage.interpark.com/goods_image/3/7/0/6/236973706h.jpg','9791195326426',20000,2,NULL,NULL,17),(NULL,'2015-04-10','null9788965400219','?뿴?삁媛뺤쓽 ?꽌釉붾┸/JSP ?쎒 ?봽濡쒓렇?옒諛? with HTML+CSS+XML+?옄諛붿뒪?겕由쏀듃','源??듅?쁽',NULL,'援??궡?룄?꽌','http://book.interpark.com/blog/integration/product/itemDetail.rdo?prdNo=210432385&refererType=8303&bookblockname=bpmain_in&booklinkname=wg_search_B0F933E2847C6447203572CCC68F824A1054E7EF0D966C7B95245288CE95E300','http://bimage.interpark.com/goods_image/2/3/8/5/210432385h.jpg','9788965400219',32000,2,NULL,NULL,18),(NULL,'2015-04-13','null9788989313694','[?쐞利덈뜡?븯?슦?뒪] ?뼱由곗씠 ?옄湲곌퀎諛쒖떆由ъ쫰 ?쟾30沅뚯꽭?듃','',NULL,'','http://book.interpark.com/blog/integration/product/itemDetail.rdo?prdNo=222569674&refererType=8303&bookblockname=bpmain_in&booklinkname=wg_search_B0F933E2847C6447203572CCC68F824A1054E7EF0D966C7B95245288CE95E300','http://bimage.interpark.com/goods_image/9/6/7/4/222569674h.jpg','9788989313694',205000,1,NULL,NULL,19),(NULL,'2015-04-13','null9788960861565','?뼱由곗씠瑜? ?쐞?븳 諛곕젮','?쟾吏???',NULL,'援??궡?룄?꽌','http://book.interpark.com/blog/integration/product/itemDetail.rdo?prdNo=11399128&refererType=8303&bookblockname=bpmain_in&booklinkname=wg_search_B0F933E2847C6447203572CCC68F824A1054E7EF0D966C7B95245288CE95E300','http://bimage.interpark.com/goods_image/9/1/2/8/11399128s.jpg','9788960861565',9000,1,NULL,NULL,20),(NULL,'2015-04-13','null9788965744023','?젙湲?留뚮━ 1','議곗젙?옒',NULL,'援??궡?룄?꽌','http://book.interpark.com/blog/integration/product/itemDetail.rdo?prdNo=212675918&refererType=8303&bookblockname=bpmain_in&booklinkname=wg_search_B0F933E2847C6447203572CCC68F824A1054E7EF0D966C7B95245288CE95E300','http://bimage.interpark.com/goods_image/5/9/1/8/212675918h.jpg','9788965744023',13500,1,NULL,NULL,21),('k1','2015-04-13','0','?빂議? - ?뿉蹂쇰씪 諛붿씠?윭?뒪 ?쟾?웳?쓽 ?떆?옉','由ъ쿂?뱶 ?봽?젅?뒪?꽩(Richard Preston)','泥??뼱?엺誘몃뵒?뼱','援??궡?룄?꽌','http://book.interpark.com/blog/integration/product/itemDetail.rdo?prdNo=237152543&refererType=8303&bookblockname=bpmain_in&booklinkname=wg_search_B0F933E2847C6447203572CCC68F824A1054E7EF0D966C7B95245288CE95E300','http://bimage.interpark.com/goods_image/2/5/4/3/237152543h.jpg','9788997162901',15000,2,NULL,'?돱?슃???엫?뒪 踰좎뒪?듃???윭 32二쇨컙 1?쐞 湲곕줉?쟾 ?꽭怨꾨?? 怨듯룷?뿉 鍮좏듃由? ?뿉蹂쇰씪 諛붿씠?윭?뒪?뿉 愿??븳 理쒓퀬?쓽 ?끉?뵿?뀡!',22),('k1','2015-04-13','0','?뒪?떚釉? ?옟?뒪','?썡?꽣 ?븘?씠?옉?뒯(Walter Isaacson)','誘쇱쓬?궗','援??궡?룄?꽌','http://book.interpark.com/blog/integration/product/itemDetail.rdo?prdNo=209034726&refererType=8303&bookblockname=bpmain_in&booklinkname=wg_search_B0F933E2847C6447203572CCC68F824A1054E7EF0D966C7B95245288CE95E300','http://bimage.interpark.com/goods_image/4/7/2/6/209034726h.jpg','9788937483943',25000,1,NULL,'?뒪?떚釉뚯옟?뒪媛? ?씤?젙?븳 ?쑀?씪?븳 怨듭떇 ?옄?꽌?쟾 吏??궃 10?썡 5?씪 ?뒪?떚釉? ?옟?뒪?쓽 二쎌쓬?쑝濡? ?쟾?꽭怨꾧? ?닠?쟻 嫄곕졇?떎. 洹몄쓽 ??怨? ?냼?떇怨? ?븿猿? 愿??젴 ?꽌?쟻?뱾?씠 二쇰ぉ諛쏄퀬 ?엳?떎. 洹? 以묒뿉?꽌?룄. ?뒪?떚釉? ?옟?뒪媛? ?씤?젙?븳 ?쑀?씪?븳  怨듭떇 ?쟾湲곌? 異쒓컙 ?릺?뿀?떎.?씠 梨낆쓽 ???옄 ?븘?씠?옉?뒯?? 2009?뀈遺??꽣 2?뀈媛? ?옟?뒪?? ?븿猿? ?뼱由? ?떆?젅 吏묒쓣 諛⑸Ц?븯嫄곕굹 ?븿猿? ?궛梨낆쓣 ?븯硫? 洹몃?? 40?뿬 李⑤? ?씤?꽣酉고뻽怨?, 洹몄쓽 移쒓뎄, 媛?議?, ?룞猷뚮퓧留? ?븘?땲?씪 洹몄뿉寃? 諛섍컧?쓣 媛?吏? ?씤臾쇱씠?굹 寃쎌웳?옄源뚯? ?룷?븿?븯?뿬 100?뿬 紐낆쓽 ?씤臾쇰뱾?쓣 ?씤?꽣酉고븯???떎. ?옟?뒪瑜? ?몮?윭?떬 紐⑤뱺 寃껋씠 吏묒쟻?맂 ?씠 ?쟾湲곗뿉?뒗 ?떎由ъ퐯諛몃━?뿉?꽌 蹂대궦 ?옟?뒪?쓽 ?뼱由? ?떆?젅遺??꽣 ?븷?뵆?쓽 李쎌뾽 怨쇱젙?뿉 ?씠瑜닿린源뚯? 洹몄쓽 ?쟾 ?깮?븷媛? ?떞寃? ?엳?떎.?뒪?떚釉뚯옟?뒪?쓽 怨듭떇 ?쟾湲곕?? ?넻?빐 洹몄쓽 ?꽦怨듭쓣 諛곗슦怨?, ?꽭怨? IT ?뿭?궗?뿉 ?겙 \'?쁺?떊?쓽 ?븘?씠肄?\'...',23),('k1234','2015-04-17','0','?븘?굦?뾾?씠 二쇰뒗 ?굹臾?','?돇 ?떎踰꾩뒪???씤(Sheldon Alan Shel Silverstein)','?떆怨듭＜?땲?뼱','援??궡?룄?꽌','http://book.interpark.com/blog/integration/product/itemDetail.rdo?prdNo=706462&refererType=8303&bookblockname=bpmain_in&booklinkname=wg_search_B0F933E2847C6447203572CCC68F824A1054E7EF0D966C7B95245288CE95E300','http://bimage.interpark.com/goods_image/6/4/6/2/706462h.jpg','9788952709042',7000,1,NULL,'?뜑 ?씠?긽 ?꽕紐낆씠 ?븘?슂 ?뾾?뒗 ?돇 ?떎踰꾩뒪???씤?쓽 ???몴?쟻?씤 ?옉?뭹 [?븘?굦?뾾?씠 二쇰뒗 ?굹臾?]. ?늻援щ굹 ?븣怨? ?엳?벏?씠 吏꾩젙?븳 ?궗?옉?씠 臾댁뾿?씤媛?瑜? ?씪源⑥썙 二쇰뒗 ?굹臾댁쓽 ?븘由꾨떎?슫 ?씠?빞湲곕떎. ?굹臾? ?븳 洹몃（?뒗 留ㅼ씪媛숈씠 ?궗?옉?븯?뒗 ?냼?뀈怨? ?븿猿? ?븷 ?닔 ?엳?뼱 ?뻾蹂듯븯?떎. ?븯吏?留? ?냼?뀈?씠 ?굹?씠媛? ?뱾?뼱媛?硫댁꽌, ?굹臾대뒗 ??濡? ?엳?쓣 ?븣媛? 留롮븘吏꾨떎. 洹몃옒?룄 ?굹臾대뒗 媛??걫?뵫 李얠븘?삤?뒗 ?냼?뀈?뿉寃?, ?냼?뀈?씠 ?븘?슂濡? ?븯?뒗 紐⑤뱺 寃껋쓣 ?븘?굦?뾾?씠 二쇰ŉ ?뻾蹂듯빐?븯?뒗?뜲...',24),('kim91','2015-04-21','0','?븣?옲 ?뱶 蹂댄넻 ?뿬?뻾?쓽 湲곗닠','?븣?옲 ?뱶 蹂댄넻(Alain de Botton)','泥?誘몃옒','援??궡?룄?꽌','http://book.interpark.com/blog/integration/product/itemDetail.rdo?prdNo=209396274&refererType=8303&bookblockname=bpmain_in&booklinkname=wg_search_B0F933E2847C6447203572CCC68F824A1054E7EF0D966C7B95245288CE95E300','http://bimage.interpark.com/goods_image/6/2/7/4/209396274h.jpg','9788986836448',14000,1,NULL,'?꽭怨꾩쟻?씤 踰좎뒪?듃???윭 ???옄, ?븣?옲 ?뱶 蹂댄넻?씠 ?쟾?븯?뒗 ?뿬?뻾 ?씠?빞湲곗뿬?뻾?쓣 ?뼚?굹湲? ?쟾?뿉 諛섎뱶?떆 ?씫?뼱?빞 ?븷 ?떒 ?븳 沅뚯쓽 ?뿬?뻾?꽌?쒖씪?긽?꽦?쓽 諛쒕챸媛??? ?븣?옲 ?뱶 蹂댄넻?? ?룆李쎌쟻?씤 ?떆媛곸쑝濡? ?궗?옉, 嫄댁텞, 泥좏븰 洹몃━怨? 醫낃탳 ?벑 ?떎?뼇?븳 二쇱젣?뿉 ???븳 湲??쓣 ?뜥?솕?떎. 洹몃윴 洹멸? ?뼚?굹?뒗 ?뿬?뻾?쓽 紐⑤뱺 寃껋씠 ?씠 梨낆뿉 ?떞寃? ?엳?떎. ?씠踰덉뿉?룄 洹몃뒗 ?슦由щ?? ?떎留앹떆?궎吏? ?븡?뒗?떎. 洹몃뒗 踰덈쑊?씠?뒗 吏??꽦怨? 臾댁떖?븳 ?벏?븳 留ㅻ젰?쑝濡? 湲곕??쓽 利먭굅??, ?씠援??쟻?씤 寃껋쓽 留ㅽ샊, 諛붾쿋?씠?룄?뒪?쓽 諛붾떎 ?뭾寃쎌뿉?꽌遺??꽣 ?엳?뱶濡? 怨듯빆?쓽 鍮꾪뻾湲? ?씠瑜숈뿉 ?씠瑜닿린源뚯? 紐⑤뱺 寃껋뿉?꽌 李얠븘?궪 ?닔 ?엳?뒗 媛?移섎?? ?룆?옄?뱾?뿉寃? 怨곌낡?씠 ?깮媛곹븯寃? ?븳?떎. ?씠 梨낆? ?뿬?뻾?쓣 ?뼚?굹?젮?뒗 ?궗?엺?뱾?뿉寃? ?뿬?뻾?쓽 紐⑹쟻吏?肉먮쭔 ?븘?땲?씪 ?뿬?뻾?쓣 ?뼱?뼸寃? 媛??빞 ?븯怨?, ?솢 媛??빞 ?븯?뒗吏?瑜? ?븣?젮以??떎.?븣?옲 ?뱶 蹂댄넻?? ?떎?뼇?븳 ?옣?냼?뱾 ?諛붾쿋?씠?룄?뒪,...',25),('kim91','2015-04-21','0','誘몄?諛쏆쓣 ?슜湲?','湲곗떆誘? ?씠移섎줈,怨좉? ?썑誘명?耳?','?씤?뵆猷⑥뿏?뀥','援??궡?룄?꽌','http://book.interpark.com/blog/integration/product/itemDetail.rdo?prdNo=226122836&refererType=8303&bookblockname=bpmain_in&booklinkname=wg_search_B0F933E2847C6447203572CCC68F824A1054E7EF0D966C7B95245288CE95E300','http://bimage.interpark.com/goods_image/2/8/3/6/226122836h.jpg','9788996991342',14900,1,NULL,'?떖由ы븰 3?? 嫄곗옣 ?븘?뱾?윭?쓽 吏꾩쭨 ?궡 ?씤?깮?쓣 ?궡寃? ?븯?뒗 ?슜湲곗쓽 ?떖由ы븰!?슦由щ뒗 紐⑤몢 蹂??솕瑜? ?썝?븳?떎. 吏?湲덈낫?떎 ?뜑 ?옄?쑀濡쒖슫 ?궣, 吏?湲덈낫?떎 ?뜑 ?뻾蹂듯븳 ?궣, 吏?湲덈낫?떎 ?뜑 ?꽦怨듭쟻?씤 ?궣. ?븯吏?留? ?슦由щ뒗 ?돺寃? ?븨怨꾨?? ??怨?, ?돺寃? ?룷湲고븳?떎. 泥좏븰?옄?뒗 留먰븳?떎. ',26),('kim91','2015-04-21','0','?옄湲곕같?젮?쓽 ?씤臾명븰','媛뺣?쇳쁺','遺곷뱶?씪留?','援??궡?룄?꽌','http://book.interpark.com/blog/integration/product/itemDetail.rdo?prdNo=220932312&refererType=8303&bookblockname=bpmain_in&booklinkname=wg_search_B0F933E2847C6447203572CCC68F824A1054E7EF0D966C7B95245288CE95E300','http://bimage.interpark.com/goods_image/2/3/1/2/220932312h.jpg','9788997969357',15000,1,NULL,'以묐뀈?쓽 ?룊踰뷀븳 ???뻾?썝?씠 ?씤臾명븰?쓣 留뚮굹 蹂??솕?맂 ?옄湲? ?궣?쓣, 洹몃━?뒪-濡쒕쭏泥좏븰 諛? ?룞?뼇?쓽 臾명븰 ?벑怨? ?뜑遺덉뼱 ???뼱?궦 ?룆?듅?븳 ?씤臾몄꽌. ???옄?뒗 ?봽?옉?뒪?쓽 泥좏븰?옄 誘몄끂 ?뫖肄붽? 洹몃━?뒪-濡쒕쭏泥좏븰?뿉?꽌 諛쒓뎬?빐?궦 媛쒕뀗?씤 ?섏옄湲곕같?젮??(?쒕떒 ?븳踰덈룄 ?릺?뼱 蹂? ?쟻 ?뾾?뒗 ?옄湲곌? ?릺?뒗 ?떎泥쒋??)瑜? ?궎?썙?뱶濡?, ?냼?겕?씪?뀒?뒪, ?뵆?씪?넠, ?꽭?꽕移?, 猷⑥돭, ?냼?꽭?궎 ?벑?쓽 ?궗?쑀瑜? ?늻鍮꾨ŉ, ?씠瑜? 吏곸옣?씤?씠?옄 ?몢 ?븘?씠?쓽 遺?紐⑥씠怨? 以묐뀈 ?궓?꽦?씤 ?옄?떊?쓽 ?궣怨? ?뿰寃곗떆耳? ???뼱?궦?떎. ?븘?씠瑜? ?샎?궦 ?씪?? ?꽭?꽕移댁쓽 泥좏븰怨? ?뼱?슦?윭吏?怨?, ?쉶?궗?쓽 ?봽濡쒖젥?듃 ?븣臾몄뿉 ?옒?뱾?뿀?뜕 ?씪?? ?뵆?씪?넠怨? 留뚮굹硫?, ?삤?옖留뚯뿉 留뚮궃 移쒓뎄?쓽 ?씠?빞湲곕뒗 ?뿉?뵾荑좊줈?뒪?쓽 ?슦?젙?쓣 遺덈윭?삤?뒗 寃껋씠?떎. ?씤臾명븰怨? 留뚮궃 ?썑 ?닠쨌?떞諛곕?? ?걡怨?, ?쉶?떇?쑝濡? 蹂대궡?뜕 ?떆媛꾩뿉 移쒓뎄?뱾怨? 紐⑥뿬 梨낆쓣 ?씫?뒗 ???옄?뒗 ?섏쿋?븰?씠 ?옄?떊?쓽 ?궣?쓣 諛붽씔?떎?숇뒗 嫄?...',27),('k4','2015-04-21','0','??諛뺥뙣?꽩500?쑝濡? ?쁺?뼱瑜? ?뒪?넗?궧?븯?씪 1','諛깆꽑?뿽','濡쒓렇?씤','','http://book.interpark.com/blog/integration/product/itemDetail.rdo?prdNo=203366780&refererType=8303&bookblockname=bpmain_in&booklinkname=wg_search_B0F933E2847C6447203572CCC68F824A1054E7EF0D966C7B95245288CE95E300','http://bimage.interpark.com/goods_image/6/7/8/0/203366780h.jpg','9788962247503',13320,1,NULL,'諛붿걯?꽭?슂? 洹몃읆 ?뙣?꽩遺??꽣 ?쇅?슦?꽭?슂!500?뙣?꽩怨? 2000臾몄옣 ?븫湲곕㈃ ?쉶?솕媛? ??諛뺣궔?땲?떎!?쁺?뼱?뒗 ?빐?빞寃좊뒗?뜲 ?떆媛꾩? ?뾾怨? ?븯猷⑦븯猷? ?쁺?뼱?뿉 ?뒪?넗?궧?떦?븯?뒗 ???븳誘쇨뎅 ?븰?뒿?옄?뱾?쓣 ?쐞?빐 EBS쨌濡쒓렇?씤쨌諛깆꽑?뿽?씠 萸됱낀?떎. ?븯?굹瑜? ?븣硫? ?뿴 ?씠?긽?쓣 留먰븯寃? ?빐以??떎?뒗 ?옣?젏 ?븣臾몄뿉 媛??옣 ?슚?쑉?쟻?씤 諛⑸쾿?쑝濡? ?엯?냼臾몃궃 ?섑뙣?꽩??! ?븰?뒿?옄?뱾?쓽 ?뙣?꽩?뿉 ???븳 媛덉쬆?쓣 ???뼱二쇨퀬?옄 ?닔媛쒖썡?뿉 嫄몄튇 議곗궗?옉?뾽 ?걹?뿉 500媛쒖쓽 ?쁺?뼱?쉶?솕 ?븘?닔?뙣?꽩?쓣 ?닔吏묓븯?뿬 1, 2沅뚯뿉 嫄몄퀜 ?닔濡앺뻽?떎. 誘멸뎅 ?뱶?씪留댟룹쁺?솕?뿉?꽌 ?뙣?꽩怨? ?삁臾몄쓣 諛쒖톸?븯怨? ?썝?뼱誘쇰뱾?쓽 媛먯닔瑜? 嫄곗퀜 ?쁽吏? ?썝?뼱誘쇰뱾?씠 ?옄二? ?궗?슜?븯?뒗, ?븫湲고븷 媛?移섍? ?넂?? ?뙣?꽩怨? ?삁臾몃쭔?쓣 ?떞?븯?떎. ?섏묶李ы븷 ?븣 ?벐?뒗 ?뙣?꽩??, ?섎?紐낇븷 ?븣 ?벐?뒗 ?뙣?꽩?? ?벑怨? 媛숈씠 ?뙣?꽩?쓣 100媛? 湲곕뒫蹂꾨줈 5媛쒖뵫 洹몃９吏??뼱?꽌, ?븰?뒿?옄?뱾?씠 ?뙣?꽩?쓣 ?돺寃? ?씡?엳怨? ...',28),('k3','2015-04-22','0','NEXUS DELF A2','源??꽑誘?,?븳?긽泥?','?꽖?꽌?뒪','','http://book.interpark.com/blog/integration/product/itemDetail.rdo?prdNo=200960008&refererType=8303&bookblockname=bpmain_in&booklinkname=wg_search_B0F933E2847C6447203572CCC68F824A1054E7EF0D966C7B95245288CE95E300','http://bimage.interpark.com/goods_image/0/0/0/8/200960008s.jpg','9788960002975',22700,1,NULL,'',29),('k3','2015-04-22','0','NEXUS DELF B2','源??꽑誘?,源??꽦?씗,?븳?긽泥?','?꽖?꽌?뒪','','http://book.interpark.com/blog/integration/product/itemDetail.rdo?prdNo=210178440&refererType=8303&bookblockname=bpmain_in&booklinkname=wg_search_B0F933E2847C6447203572CCC68F824A1054E7EF0D966C7B95245288CE95E300','http://bimage.interpark.com/goods_image/8/4/4/0/210178440h.jpg','9788957977613',20700,2,NULL,'?봽?옉?뒪?뼱?뒫?젰?떆?뿕 DELF B2?봽?옉?뒪?뼱 愿??젴 吏꾪븰, ?쑀?븰, 痍⑥뾽?뿉 ?븘?닔 ?옄寃⑹쬆?옄?떊 ?엳寃?, ?솗?떎?븯寃? ??鍮꾪븯?뿬, ?떒踰덉뿉 ?빀寃⑺븯?옄~- 2005?뀈遺??꽣 ?떖?씪吏? ?깉濡쒖슫 異쒖젣 寃쏀뼢?쓣 諛섏쁺- ?쁺?뿭蹂? 二쇱슂 異쒖젣 ?룷?씤?듃瑜? 吏묒쨷 遺꾩꽍- ?떎?뼇?븳 ?뀒留덈?? ?떎猷? ?뿰?뒿臾몄젣- 愿??젴 ?뼱?쐶?? ?몴?쁽?쓣 ?젣?떆?븯?뿬 ?떎?쟾?뿉 ??鍮? DELF B2 ??鍮꾩슜?엯?땲?떎.    ?넀--------------------?넂    DELF A1  ?봼  DELF A2  ?봼 DELF B1  ?봼 DELF B2  -  ?닔?뿕?옄?뱾?씠 媛??옣 ?뼱?젮?썙 ?븯?뒗 ?섎쭚?븯湲겸?숈쓽 紐⑤뜽?쓣 ?젣?떆?븯怨? ?뿰?뒿臾몄젣瑜? 媛뺥솕?븯???뒿?땲?떎.-  ?떎?뼇?븳 臾몄젣?? ?빐?꽕 ?벑?쓣 ?옄?꽭?엳 ?떎?뿀?뒿?땲?떎.-  理쒖떊 異쒖젣 寃쏀뼢?쓣 泥좎??엳 遺꾩꽍 寃??넗?븯?뿬 異쒖젣?븯???뒿?땲?떎.-  ?떎?쟾 紐⑥쓽怨좎궗 2?쉶遺꾩쓣 ?떎?뿀?뒿?땲?떎.-  ?빐?꽕 諛? ?젙?떟?쓣 蹂꾩콉?쑝濡? 援ъ꽦?븯?뿬...',30);
/*!40000 ALTER TABLE `request` ENABLE KEYS */;
UNLOCK TABLES;

--
-- Table structure for table `reservation`
--

DROP TABLE IF EXISTS `reservation`;
/*!40101 SET @saved_cs_client     = @@character_set_client */;
/*!40101 SET character_set_client = utf8 */;
CREATE TABLE `reservation` (
  `id` varchar(40) DEFAULT NULL,
  `bookCode` varchar(45) DEFAULT NULL,
  `reserveDate` date DEFAULT NULL,
  `reservecheck` varchar(4) DEFAULT NULL,
  KEY `bookCode_res` (`bookCode`),
  KEY `ID_res` (`id`) COMMENT '	',
  CONSTRAINT `bookCode_res` FOREIGN KEY (`bookCode`) REFERENCES `book` (`bookCode`) ON DELETE NO ACTION ON UPDATE NO ACTION
) ENGINE=InnoDB DEFAULT CHARSET=utf8 COMMENT='		';
/*!40101 SET character_set_client = @saved_cs_client */;

--
-- Dumping data for table `reservation`
--

LOCK TABLES `reservation` WRITE;
/*!40000 ALTER TABLE `reservation` DISABLE KEYS */;
INSERT INTO `reservation` VALUES ('k1','BS021','2015-04-17','1'),('k1','BS032','2015-04-20','1'),('k1','CS005','2015-04-20','1'),('k1','BS002','2015-04-21','1'),('kim91','CS007','2015-04-27','1'),('kim91','CS002','2015-04-27','1');
/*!40000 ALTER TABLE `reservation` ENABLE KEYS */;
UNLOCK TABLES;
/*!40103 SET TIME_ZONE=@OLD_TIME_ZONE */;

/*!40101 SET SQL_MODE=@OLD_SQL_MODE */;
/*!40014 SET FOREIGN_KEY_CHECKS=@OLD_FOREIGN_KEY_CHECKS */;
/*!40014 SET UNIQUE_CHECKS=@OLD_UNIQUE_CHECKS */;
/*!40101 SET CHARACTER_SET_CLIENT=@OLD_CHARACTER_SET_CLIENT */;
/*!40101 SET CHARACTER_SET_RESULTS=@OLD_CHARACTER_SET_RESULTS */;
/*!40101 SET COLLATION_CONNECTION=@OLD_COLLATION_CONNECTION */;
/*!40111 SET SQL_NOTES=@OLD_SQL_NOTES */;

-- Dump completed on 2015-04-27 15:13:39
